<?xml version="1.0" encoding="UTF-8"?>
<project-private xmlns="http://www.netbeans.org/ns/project-private/1">
    <editor-bookmarks xmlns="http://www.netbeans.org/ns/editor-bookmarks/2" lastBookmarkId="0"/>
    <open-files xmlns="http://www.netbeans.org/ns/projectui-open-files/2">
        <group>
            <file>file:/C:/Users/Admin/Desktop/InventoryProject/src/Interface/Sale.java</file>
            <file>file:/C:/Users/Admin/Desktop/InventoryProject/src/Interface/Login.java</file>
            <file>file:/C:/Users/Admin/Desktop/InventoryProject/src/Interface/Home.java</file>
            <file>file:/C:/Users/Admin/Desktop/InventoryProject/src/Interface/Main.java</file>
            <file>file:/C:/Users/Admin/Desktop/InventoryProject/src/Interface/Register.java</file>
            <file>file:/C:/Users/Admin/Desktop/InventoryProject/src/Interface/Report.java</file>
        </group>
    </open-files>
</project-private>
